company_name,linkedin_url
ITConnectUS,https://www.linkedin.com/company/itconnectus-inc?trk=public_jobs_jserp-result_job-search-card-subtitle
Rainbow Design Services,https://www.linkedin.com/company/rainbow-design-services-inc.?trk=public_jobs_jserp-result_job-search-card-subtitle
Envision Technology Solutions - Tech Think Infotech,https://www.linkedin.com/company/tech-think-infotech?trk=public_jobs_jserp-result_job-search-card-subtitle
Adroit Software Inc.,https://www.linkedin.com/company/adroit-software-inc.?trk=public_jobs_jserp-result_job-search-card-subtitle
ObjectWin Technology,https://www.linkedin.com/company/objectwin-technology-inc-?trk=public_jobs_jserp-result_job-search-card-subtitle
Klap6,https://www.linkedin.com/company/klap6-technologies?trk=public_jobs_jserp-result_job-search-card-subtitle
"Quantix, Inc.",https://www.linkedin.com/company/quantix-inc._2?trk=public_jobs_jserp-result_job-search-card-subtitle
M&T Bank,https://www.linkedin.com/company/m&t-bank?trk=public_jobs_jserp-result_job-search-card-subtitle
GVD Systems LLC,https://www.linkedin.com/company/gvd-systems-llc?trk=public_jobs_jserp-result_job-search-card-subtitle
Morgan 6 LLC,https://www.linkedin.com/company/morgan6?trk=public_jobs_jserp-result_job-search-card-subtitle
JobsInLogistics.com,https://www.linkedin.com/company/jobsinlogistics-com?trk=public_jobs_jserp-result_job-search-card-subtitle
,
Societe Generale,https://fr.linkedin.com/company/societe-generale?trk=public_jobs_jserp-result_job-search-card-subtitle
Genetec,https://ca.linkedin.com/company/genetec?trk=public_jobs_jserp-result_job-search-card-subtitle
Scalian,https://fr.linkedin.com/company/scaliangroup?trk=public_jobs_jserp-result_job-search-card-subtitle
Clear Destination,https://ca.linkedin.com/company/clear-destination?trk=public_jobs_jserp-result_job-search-card-subtitle
FlightHub,https://ca.linkedin.com/company/flighthub?trk=public_jobs_jserp-result_job-search-card-subtitle
nventive,https://ca.linkedin.com/company/nventive?trk=public_jobs_jserp-result_job-search-card-subtitle
360.Agency,https://ca.linkedin.com/company/360.agency?trk=public_jobs_jserp-result_job-search-card-subtitle
Petal,https://ca.linkedin.com/company/petalhealth?trk=public_jobs_jserp-result_job-search-card-subtitle
Powerside,https://ca.linkedin.com/company/powerside?trk=public_jobs_jserp-result_job-search-card-subtitle
Omnitrans,https://ca.linkedin.com/company/omnitrans?trk=public_jobs_jserp-result_job-search-card-subtitle
MSRcosmos LLC,https://www.linkedin.com/company/msrcosmos-llc?trk=public_jobs_jserp-result_job-search-card-subtitle
disguise,https://uk.linkedin.com/company/disguise-?trk=public_jobs_jserp-result_job-search-card-subtitle
Alborea,https://ca.linkedin.com/company/alborea?trk=public_jobs_jserp-result_job-search-card-subtitle
Sphera,https://www.linkedin.com/company/sphera?trk=public_jobs_jserp-result_job-search-card-subtitle
Broadsign,https://ca.linkedin.com/company/broadsign?trk=public_jobs_jserp-result_job-search-card-subtitle
Busbud,https://ca.linkedin.com/company/busbud?trk=public_jobs_jserp-result_job-search-card-subtitle
UKG,https://www.linkedin.com/company/ukg?trk=public_jobs_jserp-result_job-search-card-subtitle
Live Nation Entertainment,https://www.linkedin.com/company/live-nation?trk=public_jobs_jserp-result_job-search-card-subtitle
Paysafe Group,https://uk.linkedin.com/company/paysafegroup?trk=public_jobs_jserp-result_job-search-card-subtitle
Desjardins,https://ca.linkedin.com/company/desjardins?trk=public_jobs_jserp-result_job-search-card-subtitle
Humanify,https://ca.linkedin.com/company/humanify360?trk=public_jobs_jserp-result_job-search-card-subtitle
DevStaff Canada,https://ca.linkedin.com/company/devstaff-canada?trk=public_jobs_jserp-result_job-search-card-subtitle
Accolite Digital,https://www.linkedin.com/company/accolitedigital?trk=public_jobs_jserp-result_job-search-card-subtitle
TS Imagine,https://www.linkedin.com/company/ts-imagine?trk=public_jobs_jserp-result_job-search-card-subtitle
Corning Incorporated,https://www.linkedin.com/company/corning-incorporated?trk=public_jobs_jserp-result_job-search-card-subtitle
BDC,https://ca.linkedin.com/company/bdc?trk=public_jobs_jserp-result_job-search-card-subtitle
Appnovation,https://ca.linkedin.com/company/appnovation?trk=public_jobs_jserp-result_job-search-card-subtitle
LEDUConseils,https://ca.linkedin.com/company/leduconseils?trk=public_jobs_jserp-result_job-search-card-subtitle
Global Pharma Tek,https://www.linkedin.com/company/global-pharma-tek?trk=public_jobs_jserp-result_job-search-card-subtitle
CBC/Radio-Canada,https://ca.linkedin.com/company/cbcradiocanada?trk=public_jobs_jserp-result_job-search-card-subtitle
Building Stack,https://ca.linkedin.com/company/buildingstack?trk=public_jobs_jserp-result_job-search-card-subtitle
Collective.Design,https://ky.linkedin.com/company/collectivedesign?trk=public_jobs_jserp-result_job-search-card-subtitle
Tink,https://ca.linkedin.com/company/tink?trk=public_jobs_jserp-result_job-search-card-subtitle
Ubisoft Montréal,https://ca.linkedin.com/company/ubisoft-montreal?trk=public_jobs_jserp-result_job-search-card-subtitle
Arobas Personnel,https://ca.linkedin.com/company/arobas-personnel?trk=public_jobs_jserp-result_job-search-card-subtitle
GSoft,https://ca.linkedin.com/company/gsoftmontreal?trk=public_jobs_jserp-result_job-search-card-subtitle
IT Unlock,https://ca.linkedin.com/company/it-unlock?trk=public_jobs_jserp-result_job-search-card-subtitle
Sense,https://www.linkedin.com/company/sense?trk=public_jobs_jserp-result_job-search-card-subtitle
AlleyCorp,https://www.linkedin.com/company/alleycorp?trk=public_jobs_jserp-result_job-search-card-subtitle
Richmond Staffing,https://ca.linkedin.com/company/richmondstaffing?trk=public_jobs_jserp-result_job-search-card-subtitle
Centric Software,https://www.linkedin.com/company/centric-software?trk=public_jobs_jserp-result_job-search-card-subtitle
Local Logic,https://ca.linkedin.com/company/local-logic-inc-?trk=public_jobs_jserp-result_job-search-card-subtitle
X2O Media,https://ca.linkedin.com/company/x2o_media?trk=public_jobs_jserp-result_job-search-card-subtitle
Tecsys Inc.,https://www.linkedin.com/company/tecsys-inc?trk=public_jobs_jserp-result_job-search-card-subtitle
helloDarwin,https://ca.linkedin.com/company/hellodarwin?trk=public_jobs_jserp-result_job-search-card-subtitle
Bell,https://ca.linkedin.com/company/bell?trk=public_jobs_jserp-result_job-search-card-subtitle
MRP,https://www.linkedin.com/company/mrpfd?trk=public_jobs_jserp-result_job-search-card-subtitle
CS GROUP - Canada,https://ca.linkedin.com/company/cscanada?trk=public_jobs_jserp-result_job-search-card-subtitle
Lorvin Technologies Inc,https://www.linkedin.com/company/lorvin-technologies?trk=public_jobs_jserp-result_job-search-card-subtitle
Fairstone Bank,https://ca.linkedin.com/company/fairstone?trk=public_jobs_jserp-result_job-search-card-subtitle
WHIMworks Inc.,https://ca.linkedin.com/company/whimworks-inc?trk=public_jobs_jserp-result_job-search-card-subtitle
Nvizzio Creations Inc.,https://ca.linkedin.com/company/nvizzio?trk=public_jobs_jserp-result_job-search-card-subtitle
Spiria,https://ca.linkedin.com/company/spiria?trk=public_jobs_jserp-result_job-search-card-subtitle
Equisoft,https://ca.linkedin.com/company/equisoft?trk=public_jobs_jserp-result_job-search-card-subtitle
MindGeek,https://lu.linkedin.com/company/mindgeek?trk=public_jobs_jserp-result_job-search-card-subtitle
American Iron & Metal (AIM),https://ca.linkedin.com/company/american-iron-&-metal?trk=public_jobs_jserp-result_job-search-card-subtitle
St-Amour,https://ca.linkedin.com/company/stamour?trk=public_jobs_jserp-result_job-search-card-subtitle
Explorance,https://ca.linkedin.com/company/explorance?trk=public_jobs_jserp-result_job-search-card-subtitle
Mistplay,https://ca.linkedin.com/company/mistplay?trk=public_jobs_jserp-result_job-search-card-subtitle
GHGSAT,https://ca.linkedin.com/company/ghgsat?trk=public_jobs_jserp-result_job-search-card-subtitle
McGill University,https://ca.linkedin.com/company/mcgill-university?trk=public_jobs_jserp-result_job-search-card-subtitle
DRAKKAR,https://ca.linkedin.com/company/drakkar?trk=public_jobs_jserp-result_job-search-card-subtitle
Astek,https://fr.linkedin.com/company/astek?trk=public_jobs_jserp-result_job-search-card-subtitle
Index - Web Marketing Agency,https://ca.linkedin.com/company/index-web-marketing?trk=public_jobs_jserp-result_job-search-card-subtitle
BNP Paribas,https://fr.linkedin.com/company/bnp-paribas?trk=public_jobs_jserp-result_job-search-card-subtitle
Longbow Advantage,https://ca.linkedin.com/company/longbow-advantage?trk=public_jobs_jserp-result_job-search-card-subtitle
Shakepay,https://ca.linkedin.com/company/shakepay?trk=public_jobs_jserp-result_job-search-card-subtitle
Air Canada Vacations,https://ca.linkedin.com/company/air-canada-vacations?trk=public_jobs_jserp-result_job-search-card-subtitle
Evolving Web,https://ca.linkedin.com/company/evolving-web?trk=public_jobs_jserp-result_job-search-card-subtitle
Intrado,https://www.linkedin.com/company/intrado-corp?trk=public_jobs_jserp-result_job-search-card-subtitle
UGROUPMEDIA INC,https://ca.linkedin.com/company/ugroupmedia?trk=public_jobs_jserp-result_job-search-card-subtitle
Centiva,https://ca.linkedin.com/company/centiva-inc-?trk=public_jobs_jserp-result_job-search-card-subtitle
Stingray,https://ca.linkedin.com/company/stingray?trk=public_jobs_jserp-result_job-search-card-subtitle
Matrox,https://ca.linkedin.com/company/matrox?trk=public_jobs_jserp-result_job-search-card-subtitle
Groom & Associates(és),https://ca.linkedin.com/company/groom-&-associes?trk=public_jobs_jserp-result_job-search-card-subtitle
Valtech,https://uk.linkedin.com/company/valtech?trk=public_jobs_jserp-result_job-search-card-subtitle
Larochelle Groupe Conseil,https://ca.linkedin.com/company/larochellegroupeconseil?trk=public_jobs_jserp-result_job-search-card-subtitle
Industrious,https://www.linkedin.com/company/industrioushq?trk=public_jobs_jserp-result_job-search-card-subtitle
IntelliPro,https://www.linkedin.com/company/intellipro?trk=public_jobs_jserp-result_job-search-card-subtitle
eDriving,https://www.linkedin.com/company/edriving?trk=public_jobs_jserp-result_job-search-card-subtitle
Zortech Solutions,https://ca.linkedin.com/company/zortech?trk=public_jobs_jserp-result_job-search-card-subtitle
Extia,https://fr.linkedin.com/company/extia?trk=public_jobs_jserp-result_job-search-card-subtitle
Nöord Technologies,https://ca.linkedin.com/company/n%C3%B6ord-technologies-corporation?trk=public_jobs_jserp-result_job-search-card-subtitle
Sunwing,https://ca.linkedin.com/company/sunwing-travel-group?trk=public_jobs_jserp-result_job-search-card-subtitle
TV2 Consulting,https://www.linkedin.com/company/tv2-consulting?trk=public_jobs_jserp-result_job-search-card-subtitle
WorkJam,https://ca.linkedin.com/company/workjam?trk=public_jobs_jserp-result_job-search-card-subtitle
Planet DDS,https://www.linkedin.com/company/planetdds?trk=public_jobs_jserp-result_job-search-card-subtitle
Cofomo,https://ca.linkedin.com/company/cofomo?trk=public_jobs_jserp-result_job-search-card-subtitle
Ludia,https://ca.linkedin.com/company/ludia?trk=public_jobs_jserp-result_job-search-card-subtitle
Lattice Semiconductor,https://www.linkedin.com/company/lattice-semiconductor?trk=public_jobs_jserp-result_job-search-card-subtitle
MaintainX,https://www.linkedin.com/company/getmaintainx?trk=public_jobs_jserp-result_job-search-card-subtitle
We Jace IT Recrutement,https://ca.linkedin.com/company/we-jace-it?trk=public_jobs_jserp-result_job-search-card-subtitle
Houghton Mifflin Harcourt,https://www.linkedin.com/company/houghton-mifflin-harcourt?trk=public_jobs_jserp-result_job-search-card-subtitle
Talan,https://fr.linkedin.com/company/talan?trk=public_jobs_jserp-result_job-search-card-subtitle
OneSpan,https://www.linkedin.com/company/onespan?trk=public_jobs_jserp-result_job-search-card-subtitle
Emplifi,https://www.linkedin.com/company/emplifi?trk=public_jobs_jserp-result_job-search-card-subtitle
FLO EV Charging,https://ca.linkedin.com/company/floevcharging?trk=public_jobs_jserp-result_job-search-card-subtitle
Acumatica,https://www.linkedin.com/company/acumatica?trk=public_jobs_jserp-result_job-search-card-subtitle
DRW,https://www.linkedin.com/company/drw?trk=public_jobs_jserp-result_job-search-card-subtitle
Logient,https://ca.linkedin.com/company/logient?trk=public_jobs_jserp-result_job-search-card-subtitle
FX Innovation,https://ca.linkedin.com/company/fxinnovation?trk=public_jobs_jserp-result_job-search-card-subtitle
Maples Group,https://ky.linkedin.com/company/maplesgroup?trk=public_jobs_jserp-result_job-search-card-subtitle
Randstad Sourceright,https://nl.linkedin.com/company/randstad-sourceright?trk=public_jobs_jserp-result_job-search-card-subtitle
Pelcro,https://ca.linkedin.com/company/pelcro?trk=public_jobs_jserp-result_job-search-card-subtitle
exagens,https://ca.linkedin.com/company/exagens?trk=public_jobs_jserp-result_job-search-card-subtitle
Eaton,https://ie.linkedin.com/company/eaton?trk=public_jobs_jserp-result_job-search-card-subtitle
ClicHealth,https://ca.linkedin.com/company/clichealth?trk=public_jobs_jserp-result_job-search-card-subtitle
DELAN - Chasseurs de Talents en TI,https://ca.linkedin.com/company/delanti?trk=public_jobs_jserp-result_job-search-card-subtitle
Enphase Energy,https://www.linkedin.com/company/enphase-energy?trk=public_jobs_jserp-result_job-search-card-subtitle
WHIM,https://www.linkedin.com/company/onawhim?trk=public_jobs_jserp-result_job-search-card-subtitle
Outgo,https://ca.linkedin.com/company/outgo?trk=public_jobs_jserp-result_job-search-card-subtitle
dcbel,https://ca.linkedin.com/company/dcbel?trk=public_jobs_jserp-result_job-search-card-subtitle
authentic.art.tech,https://ca.linkedin.com/company/authentic-art-tech?trk=public_jobs_jserp-result_job-search-card-subtitle
"Track Group, Inc.",https://www.linkedin.com/company/track-group?trk=public_jobs_jserp-result_job-search-card-subtitle
MobSquad,https://ca.linkedin.com/company/mobsquad?trk=public_jobs_jserp-result_job-search-card-subtitle
AXIS (AXIS Capital),https://bm.linkedin.com/company/axis-capital?trk=public_jobs_jserp-result_job-search-card-subtitle
Bloxo,https://ca.linkedin.com/company/bloxo?trk=public_jobs_jserp-result_job-search-card-subtitle
Prevalent - Third-Party Risk Management,https://www.linkedin.com/company/prevalent-networks-llc?trk=public_jobs_jserp-result_job-search-card-subtitle
Aspire Software,https://ca.linkedin.com/company/aspire-software?trk=public_jobs_jserp-result_job-search-card-subtitle
Red Thread Innovations,https://ca.linkedin.com/company/red-thread-innovations?trk=public_jobs_jserp-result_job-search-card-subtitle
Aha!,https://www.linkedin.com/company/aha-labs-inc-?trk=public_jobs_jserp-result_job-search-card-subtitle
B-Yond,https://www.linkedin.com/company/b-yond?trk=public_jobs_jserp-result_job-search-card-subtitle
Everflow - Partner Marketing Platform,https://www.linkedin.com/company/everflowio?trk=public_jobs_jserp-result_job-search-card-subtitle
Ripple,https://www.linkedin.com/company/rippleofficial?trk=public_jobs_jserp-result_job-search-card-subtitle
Xanadu,https://ca.linkedin.com/company/xanaduai?trk=public_jobs_jserp-result_job-search-card-subtitle
2iSolutions Inc.,https://ca.linkedin.com/company/2isolutions-inc-?trk=public_jobs_jserp-result_job-search-card-subtitle
MERGE,https://www.linkedin.com/company/mergeworld?trk=public_jobs_jserp-result_job-search-card-subtitle
Olympic Industries ULC,https://ca.linkedin.com/company/olympic-industries?trk=public_jobs_jserp-result_job-search-card-subtitle
Keypath Education,https://www.linkedin.com/company/keypath-education?trk=public_jobs_jserp-result_job-search-card-subtitle
isgSearch,https://ca.linkedin.com/company/isgsearch?trk=public_jobs_jserp-result_job-search-card-subtitle
Event Temple,https://ca.linkedin.com/company/event-temple?trk=public_jobs_jserp-result_job-search-card-subtitle
Owl Practice,https://ca.linkedin.com/company/owl-practice-inc-?trk=public_jobs_jserp-result_job-search-card-subtitle
Global Technical Talent,https://www.linkedin.com/company/global-technical-talent?trk=public_jobs_jserp-result_job-search-card-subtitle
Paul's Transport,https://www.linkedin.com/company/paul%27s-transport?trk=public_jobs_jserp-result_job-search-card-subtitle
Pixlee TurnTo,https://www.linkedin.com/company/pixleeturnto?trk=public_jobs_jserp-result_job-search-card-subtitle
myDigitalOffice,https://www.linkedin.com/company/mydigitaloffice?trk=public_jobs_jserp-result_job-search-card-subtitle
Applied Systems,https://www.linkedin.com/company/applied-systems?trk=public_jobs_jserp-result_job-search-card-subtitle
xiBOSS Corporation,https://ca.linkedin.com/company/xiboss-corporation?trk=public_jobs_jserp-result_job-search-card-subtitle
LifeWorks,https://ca.linkedin.com/company/lifeworks?trk=public_jobs_jserp-result_job-search-card-subtitle
Manulife,https://ca.linkedin.com/company/manulife-financial?trk=public_jobs_jserp-result_job-search-card-subtitle
Clickatell,https://www.linkedin.com/company/clickatell?trk=public_jobs_jserp-result_job-search-card-subtitle
vSync,https://www.linkedin.com/company/vsync?trk=public_jobs_jserp-result_job-search-card-subtitle
Iris Software Inc.,https://www.linkedin.com/company/iris-software-inc.?trk=public_jobs_jserp-result_job-search-card-subtitle
First Derivative,https://uk.linkedin.com/company/first-derivative?trk=public_jobs_jserp-result_job-search-card-subtitle
Moves,https://ca.linkedin.com/company/movesfinancial?trk=public_jobs_jserp-result_job-search-card-subtitle
"NAVBLUE, an Airbus Company",https://fr.linkedin.com/company/navblue-an-airbus-company?trk=public_jobs_jserp-result_job-search-card-subtitle
Henon.io,https://ca.linkedin.com/company/henoncapital?trk=public_jobs_jserp-result_job-search-card-subtitle
Keirton Inc.,https://ca.linkedin.com/company/keirton-inc-?trk=public_jobs_jserp-result_job-search-card-subtitle
The Accurate,https://www.linkedin.com/company/the-accurate?trk=public_jobs_jserp-result_job-search-card-subtitle
Infoya,https://ca.linkedin.com/company/infoya?trk=public_jobs_jserp-result_job-search-card-subtitle
KEV Group,https://ca.linkedin.com/company/kev-group?trk=public_jobs_jserp-result_job-search-card-subtitle
Interaptix Augmented Reality,https://ca.linkedin.com/company/interaptix-augmented-reality?trk=public_jobs_jserp-result_job-search-card-subtitle
The Nationwide Group,https://ca.linkedin.com/company/the-nationwide-group?trk=public_jobs_jserp-result_job-search-card-subtitle
Prolucid Technologies,https://ca.linkedin.com/company/prolucid-technologies-inc-?trk=public_jobs_jserp-result_job-search-card-subtitle
Top Hat,https://ca.linkedin.com/company/top-hat-hq?trk=public_jobs_jserp-result_job-search-card-subtitle
GoCo,https://ca.linkedin.com/company/gocotechnology?trk=public_jobs_jserp-result_job-search-card-subtitle
PEER Group Inc.,https://ca.linkedin.com/company/the-peer-group?trk=public_jobs_jserp-result_job-search-card-subtitle
Applicantz,https://www.linkedin.com/company/applicantz-com?trk=public_jobs_jserp-result_job-search-card-subtitle
Wrk,https://ca.linkedin.com/company/thewrkco?trk=public_jobs_jserp-result_job-search-card-subtitle
Roche,https://ch.linkedin.com/company/roche?trk=public_jobs_jserp-result_job-search-card-subtitle
ArcelorMittal Dofasco,https://ca.linkedin.com/company/arcelormittal-dofasco?trk=public_jobs_jserp-result_job-search-card-subtitle
Tiercon Corp.,https://ca.linkedin.com/company/tiercon?trk=public_jobs_jserp-result_job-search-card-subtitle
Operatic Agency,https://ca.linkedin.com/company/operaticagency?trk=public_jobs_jserp-result_job-search-card-subtitle
Creative Guild,https://ca.linkedin.com/company/creative-guild-inc.?trk=public_jobs_jserp-result_job-search-card-subtitle
STELCO - The Steel Company of Canada,https://ca.linkedin.com/company/stelco-the-steel-company-of-canada-?trk=public_jobs_jserp-result_job-search-card-subtitle
Delta Air Lines,https://www.linkedin.com/company/delta-air-lines?trk=public_jobs_jserp-result_job-search-card-subtitle
Xebia,https://www.linkedin.com/company/xebia?trk=public_jobs_jserp-result_job-search-card-subtitle
Symphony Talent,https://www.linkedin.com/company/symphony-talent?trk=public_jobs_jserp-result_job-search-card-subtitle
IHG Hotels & Resorts,https://uk.linkedin.com/company/ihghotels&resorts?trk=public_jobs_jserp-result_job-search-card-subtitle
"Ashley Ellis, Inc",https://www.linkedin.com/company/ashley-ellis-inc?trk=public_jobs_jserp-result_job-search-card-subtitle
Xometry,https://www.linkedin.com/company/xometry?trk=public_jobs_jserp-result_job-search-card-subtitle
Infosys BPM,https://in.linkedin.com/company/infosys-bpm?trk=public_jobs_jserp-result_job-search-card-subtitle
Sangoma,https://ca.linkedin.com/company/sangoma?trk=public_jobs_jserp-result_job-search-card-subtitle
Rightpoint,https://www.linkedin.com/company/rightpoint?trk=public_jobs_jserp-result_job-search-card-subtitle
Infosys McCamish Systems,https://www.linkedin.com/company/mccamish-systems-an-infosys-company?trk=public_jobs_jserp-result_job-search-card-subtitle
Progress Labs,https://www.linkedin.com/company/progress-labs?trk=public_jobs_jserp-result_job-search-card-subtitle
Weezie,https://www.linkedin.com/company/weezie?trk=public_jobs_jserp-result_job-search-card-subtitle
eHire,https://www.linkedin.com/company/ehire?trk=public_jobs_jserp-result_job-search-card-subtitle
Fiserv,https://www.linkedin.com/company/fiserv?trk=public_jobs_jserp-result_job-search-card-subtitle
Flashtract,https://www.linkedin.com/company/flashtract?trk=public_jobs_jserp-result_job-search-card-subtitle
Keep Technologies,https://www.linkedin.com/company/keeptechnologies?trk=public_jobs_jserp-result_job-search-card-subtitle
aquesst,https://www.linkedin.com/company/aquesst?trk=public_jobs_jserp-result_job-search-card-subtitle
Kinly,https://www.linkedin.com/company/kinlyofficial?trk=public_jobs_jserp-result_job-search-card-subtitle
Vidrovr,https://www.linkedin.com/company/vidrovr?trk=public_jobs_jserp-result_job-search-card-subtitle
Ztek Consulting,https://www.linkedin.com/company/ztek-inc?trk=public_jobs_jserp-result_job-search-card-subtitle
Cloudflare,https://www.linkedin.com/company/cloudflare?trk=public_jobs_jserp-result_job-search-card-subtitle
First Street Foundation,https://www.linkedin.com/company/first-street-foundation?trk=public_jobs_jserp-result_job-search-card-subtitle
FormAssembly,https://www.linkedin.com/company/formassembly?trk=public_jobs_jserp-result_job-search-card-subtitle
Dragon Army,https://www.linkedin.com/company/dragon-army?trk=public_jobs_jserp-result_job-search-card-subtitle
AGS - American Gaming Systems,https://www.linkedin.com/company/american-gaming-systems?trk=public_jobs_jserp-result_job-search-card-subtitle
TPS,https://fr.linkedin.com/company/tpsxxx?trk=public_jobs_jserp-result_job-search-card-subtitle
Globant,https://www.linkedin.com/company/globant?trk=public_jobs_jserp-result_job-search-card-subtitle
Proofpoint,https://www.linkedin.com/company/proofpoint?trk=public_jobs_jserp-result_job-search-card-subtitle
AP Recruiters & Associates,https://www.linkedin.com/company/ap-recruiters?trk=public_jobs_jserp-result_job-search-card-subtitle
UpSellit | Managed Conversion Optimization,https://www.linkedin.com/company/upsellit?trk=public_jobs_jserp-result_job-search-card-subtitle
Asta Crs Inc,https://www.linkedin.com/company/asta-crs-inc.?trk=public_jobs_jserp-result_job-search-card-subtitle
AWeber,https://www.linkedin.com/company/aweber?trk=public_jobs_jserp-result_job-search-card-subtitle
Mobot,https://www.linkedin.com/company/team-mobot?trk=public_jobs_jserp-result_job-search-card-subtitle
Bellwood Labs,https://www.linkedin.com/company/bellwood-labs?trk=public_jobs_jserp-result_job-search-card-subtitle
Azalea Health,https://www.linkedin.com/company/azalea-health?trk=public_jobs_jserp-result_job-search-card-subtitle
"Agile Resources, Inc.",https://www.linkedin.com/company/agile-resources-inc-?trk=public_jobs_jserp-result_job-search-card-subtitle
Riskalyze,https://www.linkedin.com/company/riskalyze?trk=public_jobs_jserp-result_job-search-card-subtitle
NewSeat,https://www.linkedin.com/company/newseatinc?trk=public_jobs_jserp-result_job-search-card-subtitle
Rheem Manufacturing,https://www.linkedin.com/company/rheem-manufacturing?trk=public_jobs_jserp-result_job-search-card-subtitle
Precisely | Trust in Data,https://www.linkedin.com/company/preciselydata?trk=public_jobs_jserp-result_job-search-card-subtitle
Brooksource,https://www.linkedin.com/company/brooksource?trk=public_jobs_jserp-result_job-search-card-subtitle
Ninety.io - Software for EOS,https://www.linkedin.com/company/ninety-io?trk=public_jobs_jserp-result_job-search-card-subtitle
ATCS Inc.,https://www.linkedin.com/company/atcsinc?trk=public_jobs_jserp-result_job-search-card-subtitle
Tin Roof Software,https://www.linkedin.com/company/tin-roof-software?trk=public_jobs_jserp-result_job-search-card-subtitle
W3bCloud,https://ie.linkedin.com/company/w3b-cloud?trk=public_jobs_jserp-result_job-search-card-subtitle
"Aledade, Inc.",https://www.linkedin.com/company/aledade-inc-?trk=public_jobs_jserp-result_job-search-card-subtitle
BlueChip Financial,https://www.linkedin.com/company/bluechip-financial?trk=public_jobs_jserp-result_job-search-card-subtitle
Zoom,https://www.linkedin.com/company/zoom-video-communications?trk=public_jobs_jserp-result_job-search-card-subtitle
Incident IQ,https://www.linkedin.com/company/incidentiq?trk=public_jobs_jserp-result_job-search-card-subtitle
Sonatype,https://www.linkedin.com/company/sonatype?trk=public_jobs_jserp-result_job-search-card-subtitle
Twitter,https://www.linkedin.com/company/twitter?trk=public_jobs_jserp-result_job-search-card-subtitle
FLEETCOR,https://www.linkedin.com/company/fleetcor?trk=public_jobs_jserp-result_job-search-card-subtitle
Arth Consulting - An Executive Search Firm,https://www.linkedin.com/company/arth-consulting?trk=public_jobs_jserp-result_job-search-card-subtitle
FPT/Intellinet,https://www.linkedin.com/company/intellinet?trk=public_jobs_jserp-result_job-search-card-subtitle
SNGULAR,https://es.linkedin.com/company/sngular?trk=public_jobs_jserp-result_job-search-card-subtitle
Xaxis,https://www.linkedin.com/company/xaxis?trk=public_jobs_jserp-result_job-search-card-subtitle
Accuro,https://www.linkedin.com/company/accurogroup?trk=public_jobs_jserp-result_job-search-card-subtitle
Zealogics Inc,https://www.linkedin.com/company/zealogics-inc?trk=public_jobs_jserp-result_job-search-card-subtitle
City of Atlanta,https://www.linkedin.com/company/city-of-atlanta?trk=public_jobs_jserp-result_job-search-card-subtitle
Sayva Solutions,https://www.linkedin.com/company/sayva-solutions?trk=public_jobs_jserp-result_job-search-card-subtitle
BridgeHaul,https://www.linkedin.com/company/bridgehaul?trk=public_jobs_jserp-result_job-search-card-subtitle
"ARK Solutions, Inc.",https://www.linkedin.com/company/arksolutionsinc?trk=public_jobs_jserp-result_job-search-card-subtitle
Crowd Favorite,https://www.linkedin.com/company/crowdfavorite?trk=public_jobs_jserp-result_job-search-card-subtitle
RF-SMART,https://www.linkedin.com/company/rfsmart-com?trk=public_jobs_jserp-result_job-search-card-subtitle
FortifyData,https://www.linkedin.com/company/fortifydata?trk=public_jobs_jserp-result_job-search-card-subtitle
Decide Consulting,https://www.linkedin.com/company/decide-consulting?trk=public_jobs_jserp-result_job-search-card-subtitle
Profisee,https://www.linkedin.com/company/profisee?trk=public_jobs_jserp-result_job-search-card-subtitle
Apexon,https://www.linkedin.com/company/apexon?trk=public_jobs_jserp-result_job-search-card-subtitle
"3Ci, An MAU Company",https://www.linkedin.com/company/ccci?trk=public_jobs_jserp-result_job-search-card-subtitle
"Global Channel Management, Inc.",https://www.linkedin.com/company/global-channel-management-inc-?trk=public_jobs_jserp-result_job-search-card-subtitle
Onshore Outsourcing,https://www.linkedin.com/company/onshore-outsourcing?trk=public_jobs_jserp-result_job-search-card-subtitle
Stellar Professionals,https://www.linkedin.com/company/stellar-professionals?trk=public_jobs_jserp-result_job-search-card-subtitle
Expert Technical Solutions,https://www.linkedin.com/company/expert-technical-solutions?trk=public_jobs_jserp-result_job-search-card-subtitle
Georgia State University,https://www.linkedin.com/company/georgiastateuniversity?trk=public_jobs_jserp-result_job-search-card-subtitle
Arrowroot Capital Management,https://www.linkedin.com/company/arrowroot-capital?trk=public_jobs_jserp-result_job-search-card-subtitle
Origami Risk,https://www.linkedin.com/company/origami-risk?trk=public_jobs_jserp-result_job-search-card-subtitle
Petram Search Group,https://www.linkedin.com/company/petram-search-group?trk=public_jobs_jserp-result_job-search-card-subtitle
Staff Financial Group,https://www.linkedin.com/company/staff-financial-group?trk=public_jobs_jserp-result_job-search-card-subtitle
H&M Group,https://se.linkedin.com/company/hmgroup?trk=public_jobs_jserp-result_job-search-card-subtitle
Wilson Elser,https://www.linkedin.com/company/wilson-elser?trk=public_jobs_jserp-result_job-search-card-subtitle
Codoxo,https://www.linkedin.com/company/codoxo?trk=public_jobs_jserp-result_job-search-card-subtitle
SiteCare,https://www.linkedin.com/company/go-sitecare?trk=public_jobs_jserp-result_job-search-card-subtitle
InfoMart,https://www.linkedin.com/company/infomart?trk=public_jobs_jserp-result_job-search-card-subtitle
Datum Software Inc.,https://www.linkedin.com/company/datum-software?trk=public_jobs_jserp-result_job-search-card-subtitle
Talent 360 Solutions,https://www.linkedin.com/company/talent-360-solutions?trk=public_jobs_jserp-result_job-search-card-subtitle
Stratfield Consulting,https://www.linkedin.com/company/stratfield-consulting?trk=public_jobs_jserp-result_job-search-card-subtitle
Cayuse Holdings,https://www.linkedin.com/company/cayuseholdings?trk=public_jobs_jserp-result_job-search-card-subtitle
TDA Creative - Tech,https://uk.linkedin.com/company/tda-recruitment-group?trk=public_jobs_jserp-result_job-search-card-subtitle
Verifacto Inc.,https://www.linkedin.com/company/verifacto?trk=public_jobs_jserp-result_job-search-card-subtitle
Verticurl (a WPP Company),https://sg.linkedin.com/company/verticurl-pte-ltd?trk=public_jobs_jserp-result_job-search-card-subtitle
McBride Research Labs,https://www.linkedin.com/company/mcbride-research-labs?trk=public_jobs_jserp-result_job-search-card-subtitle
"TRC Staffing Services, Inc.",https://www.linkedin.com/company/trcstaffingservices?trk=public_jobs_jserp-result_job-search-card-subtitle
Gray Television,https://www.linkedin.com/company/gray-television?trk=public_jobs_jserp-result_job-search-card-subtitle
Elevance Health,https://www.linkedin.com/company/elevance-health?trk=public_jobs_jserp-result_job-search-card-subtitle
OmegaHires,https://www.linkedin.com/company/omegahires?trk=public_jobs_jserp-result_job-search-card-subtitle
Calance,https://www.linkedin.com/company/calance?trk=public_jobs_jserp-result_job-search-card-subtitle
Juvare,https://www.linkedin.com/company/juvare?trk=public_jobs_jserp-result_job-search-card-subtitle
GSquared Group,https://www.linkedin.com/company/gsquared-solutions?trk=public_jobs_jserp-result_job-search-card-subtitle
Bayforce,https://www.linkedin.com/company/bayforce?trk=public_jobs_jserp-result_job-search-card-subtitle
CirrusLabs,https://www.linkedin.com/company/cirruslabs?trk=public_jobs_jserp-result_job-search-card-subtitle
Zodient,https://www.linkedin.com/company/zodiant-llc?trk=public_jobs_jserp-result_job-search-card-subtitle
SOLTECH,https://www.linkedin.com/company/soltech-inc?trk=public_jobs_jserp-result_job-search-card-subtitle
Hexaware Technologies,https://in.linkedin.com/company/hexaware-technologies?trk=public_jobs_jserp-result_job-search-card-subtitle
Kibo,https://www.linkedin.com/company/kibocommerce?trk=public_jobs_jserp-result_job-search-card-subtitle
PETADATA,https://www.linkedin.com/company/petadata?trk=public_jobs_jserp-result_job-search-card-subtitle
Tenjin,https://www.linkedin.com/company/tenjin?trk=public_jobs_jserp-result_job-search-card-subtitle
Xoriant,https://www.linkedin.com/company/xoriant?trk=public_jobs_jserp-result_job-search-card-subtitle
Abzooba,https://www.linkedin.com/company/abzooba-inc-?trk=public_jobs_jserp-result_job-search-card-subtitle
Simplified IT Solutions,https://www.linkedin.com/company/simplified-it-solutions_2?trk=public_jobs_jserp-result_job-search-card-subtitle
"Artemis Consulting, Inc.",https://www.linkedin.com/company/artemisconsultinginc?trk=public_jobs_jserp-result_job-search-card-subtitle
Partnerize,https://www.linkedin.com/company/partnerize?trk=public_jobs_jserp-result_job-search-card-subtitle
Wingsoft Consulting,https://www.linkedin.com/company/wingsoft-consulting?trk=public_jobs_jserp-result_job-search-card-subtitle
ChabezTech LLC,https://www.linkedin.com/company/chabeztech-llc?trk=public_jobs_jserp-result_job-search-card-subtitle
BrightLink,https://www.linkedin.com/company/brightlink-technology-llc?trk=public_jobs_jserp-result_job-search-card-subtitle
IfThen,https://www.linkedin.com/company/if-then-agency?trk=public_jobs_jserp-result_job-search-card-subtitle
"Deque Systems, Inc",https://www.linkedin.com/company/deque-systems-inc?trk=public_jobs_jserp-result_job-search-card-subtitle
Peloton Interactive,https://www.linkedin.com/company/peloton-interactive-?trk=public_jobs_jserp-result_job-search-card-subtitle
Shantel And Bramble Co,https://www.linkedin.com/company/shantel-and-bramble-co?trk=public_jobs_jserp-result_job-search-card-subtitle
Patron Technology,https://www.linkedin.com/company/patron-technology?trk=public_jobs_jserp-result_job-search-card-subtitle
Stellar Software LLC,https://www.linkedin.com/company/stellar-software-llc?trk=public_jobs_jserp-result_job-search-card-subtitle
ADDSOURCE,https://ca.linkedin.com/company/veerteq-inc?trk=public_jobs_jserp-result_job-search-card-subtitle
Virtusa,https://www.linkedin.com/company/virtusa?trk=public_jobs_jserp-result_job-search-card-subtitle
PA Consulting,https://uk.linkedin.com/company/pa-consulting?trk=public_jobs_jserp-result_job-search-card-subtitle
Advanced Tech Placement,https://www.linkedin.com/company/advancedtechplacement?trk=public_jobs_jserp-result_job-search-card-subtitle
RoadSync,https://www.linkedin.com/company/roadsync?trk=public_jobs_jserp-result_job-search-card-subtitle
IT Avalon,https://www.linkedin.com/company/it-avalon?trk=public_jobs_jserp-result_job-search-card-subtitle
MessageGears,https://www.linkedin.com/company/messagegears-llc?trk=public_jobs_jserp-result_job-search-card-subtitle
Genuine Parts Company,https://www.linkedin.com/company/genuine-parts-company?trk=public_jobs_jserp-result_job-search-card-subtitle
NorthPoint Search Group,https://www.linkedin.com/company/northpointsearchgroup?trk=public_jobs_jserp-result_job-search-card-subtitle
Florence Healthcare,https://www.linkedin.com/company/florence-healthcare?trk=public_jobs_jserp-result_job-search-card-subtitle
System Soft Technologies,https://www.linkedin.com/company/systemsofttech?trk=public_jobs_jserp-result_job-search-card-subtitle
Nebo Agency,https://www.linkedin.com/company/nebo-agency?trk=public_jobs_jserp-result_job-search-card-subtitle
Prestige Staffing,https://www.linkedin.com/company/prestige-staffing?trk=public_jobs_jserp-result_job-search-card-subtitle
Kelly,https://www.linkedin.com/company/kellyservices?trk=public_jobs_jserp-result_job-search-card-subtitle
Third Eye Software,https://www.linkedin.com/company/third-eye-software?trk=public_jobs_jserp-result_job-search-card-subtitle
Unorthodox Ventures,https://www.linkedin.com/company/unorthodoxventures?trk=public_jobs_jserp-result_job-search-card-subtitle
TMS,https://rs.linkedin.com/company/tms-outsource?trk=public_jobs_jserp-result_job-search-card-subtitle
Gray,https://www.linkedin.com/company/graydigital?trk=public_jobs_jserp-result_job-search-card-subtitle
Clear Measure,https://www.linkedin.com/company/clearmeasure?trk=public_jobs_jserp-result_job-search-card-subtitle
Dispel,https://www.linkedin.com/company/dispel?trk=public_jobs_jserp-result_job-search-card-subtitle
VeeAR Projects Inc.,https://www.linkedin.com/company/veear-projects?trk=public_jobs_jserp-result_job-search-card-subtitle
KCare,https://www.linkedin.com/company/kcare?trk=public_jobs_jserp-result_job-search-card-subtitle
Honey,https://www.linkedin.com/company/honey-inc-?trk=public_jobs_jserp-result_job-search-card-subtitle
Hitch,https://www.linkedin.com/company/hitchtravel?trk=public_jobs_jserp-result_job-search-card-subtitle
Talroo,https://www.linkedin.com/company/talroo-official?trk=public_jobs_jserp-result_job-search-card-subtitle
Walmart Global Tech,https://www.linkedin.com/company/walmartglobaltech?trk=public_jobs_jserp-result_job-search-card-subtitle
"MWResource, Inc.",https://www.linkedin.com/company/mwresource-inc?trk=public_jobs_jserp-result_job-search-card-subtitle
Vegatron Systems,https://www.linkedin.com/company/vegatron-systems-llc?trk=public_jobs_jserp-result_job-search-card-subtitle
Skyrocket Ventures,https://www.linkedin.com/company/skyrocket-ventures?trk=public_jobs_jserp-result_job-search-card-subtitle
LVL,https://www.linkedin.com/company/bankwithlvl?trk=public_jobs_jserp-result_job-search-card-subtitle
Storyhunter,https://www.linkedin.com/company/storyhunter?trk=public_jobs_jserp-result_job-search-card-subtitle
Vertalo,https://www.linkedin.com/company/vertalo?trk=public_jobs_jserp-result_job-search-card-subtitle
Textio,https://www.linkedin.com/company/textio?trk=public_jobs_jserp-result_job-search-card-subtitle
Shipwell,https://www.linkedin.com/company/shipwell?trk=public_jobs_jserp-result_job-search-card-subtitle
Inventive,https://www.linkedin.com/company/inventive-group?trk=public_jobs_jserp-result_job-search-card-subtitle
Literati,https://www.linkedin.com/company/literati?trk=public_jobs_jserp-result_job-search-card-subtitle
Payment Approved,https://www.linkedin.com/company/payment-approved?trk=public_jobs_jserp-result_job-search-card-subtitle
The Boring Company,https://www.linkedin.com/company/tbc-theboringcompany?trk=public_jobs_jserp-result_job-search-card-subtitle
Hive Brands,https://www.linkedin.com/company/hivebrands?trk=public_jobs_jserp-result_job-search-card-subtitle
DATAMTX LLC,https://www.linkedin.com/company/datamtx?trk=public_jobs_jserp-result_job-search-card-subtitle
HappyFunCorp,https://www.linkedin.com/company/happyfuncorp?trk=public_jobs_jserp-result_job-search-card-subtitle
Yellowjacketinc.com,https://www.linkedin.com/company/yellowjacketinc-com?trk=public_jobs_jserp-result_job-search-card-subtitle
ByteDance,https://cn.linkedin.com/company/bytedance?trk=public_jobs_jserp-result_job-search-card-subtitle
Stord,https://www.linkedin.com/company/stord?trk=public_jobs_jserp-result_job-search-card-subtitle
Satoshi Energy,https://www.linkedin.com/company/satoshi-energy?trk=public_jobs_jserp-result_job-search-card-subtitle
Venmo,https://www.linkedin.com/company/venmo?trk=public_jobs_jserp-result_job-search-card-subtitle
Sock Club,https://www.linkedin.com/company/sock-club?trk=public_jobs_jserp-result_job-search-card-subtitle
Cirrus Logic,https://www.linkedin.com/company/cirrus-logic?trk=public_jobs_jserp-result_job-search-card-subtitle
Argo AI,https://www.linkedin.com/company/argo-ai?trk=public_jobs_jserp-result_job-search-card-subtitle
Digital Thrive,https://www.linkedin.com/company/digital-thrive?trk=public_jobs_jserp-result_job-search-card-subtitle
Ender,https://www.linkedin.com/company/enderinc?trk=public_jobs_jserp-result_job-search-card-subtitle
Vroom,https://www.linkedin.com/company/vroom?trk=public_jobs_jserp-result_job-search-card-subtitle
Zenoss,https://www.linkedin.com/company/zenoss-inc-?trk=public_jobs_jserp-result_job-search-card-subtitle
NVIDIA,https://www.linkedin.com/company/nvidia?trk=public_jobs_jserp-result_job-search-card-subtitle
SynapOne,https://www.linkedin.com/company/synaptein-solutions-incorporated?trk=public_jobs_jserp-result_job-search-card-subtitle
Rizse,https://www.linkedin.com/company/rizse?trk=public_jobs_jserp-result_job-search-card-subtitle
Devfi,https://www.linkedin.com/company/devfiinc?trk=public_jobs_jserp-result_job-search-card-subtitle
Quantitative Systems,https://www.linkedin.com/company/quantitative-systems?trk=public_jobs_jserp-result_job-search-card-subtitle
Staples Stores,https://www.linkedin.com/company/staples-stores?trk=public_jobs_jserp-result_job-search-card-subtitle
Katana Graph,https://www.linkedin.com/company/katana-graph?trk=public_jobs_jserp-result_job-search-card-subtitle
Neuralink,https://www.linkedin.com/company/neuralink?trk=public_jobs_jserp-result_job-search-card-subtitle
TAILOS,https://www.linkedin.com/company/tailosinc?trk=public_jobs_jserp-result_job-search-card-subtitle
amazee.io,https://ch.linkedin.com/company/amazee.io?trk=public_jobs_jserp-result_job-search-card-subtitle
Transfinder,https://www.linkedin.com/company/transfinder?trk=public_jobs_jserp-result_job-search-card-subtitle
Digital Turbine,https://www.linkedin.com/company/digital-turbine?trk=public_jobs_jserp-result_job-search-card-subtitle
Lou,https://www.linkedin.com/company/louassist?trk=public_jobs_jserp-result_job-search-card-subtitle
OpenFin,https://www.linkedin.com/company/openfin?trk=public_jobs_jserp-result_job-search-card-subtitle
Plnar,https://www.linkedin.com/company/plnar?trk=public_jobs_jserp-result_job-search-card-subtitle
Teltech Group,https://www.linkedin.com/company/teltechgroup?trk=public_jobs_jserp-result_job-search-card-subtitle
Michael Page,https://uk.linkedin.com/company/michael-page?trk=public_jobs_jserp-result_job-search-card-subtitle
HonorVet Technologies,https://www.linkedin.com/company/honorvettech?trk=public_jobs_jserp-result_job-search-card-subtitle
The University of Texas at Austin,https://www.linkedin.com/company/theuniversityoftexasataustin-?trk=public_jobs_jserp-result_job-search-card-subtitle
Samsung Austin Semiconductor,https://www.linkedin.com/company/samsungaustinsemiconductor?trk=public_jobs_jserp-result_job-search-card-subtitle
Kestra Financial,https://www.linkedin.com/company/kestra-financial?trk=public_jobs_jserp-result_job-search-card-subtitle
Upptic,https://www.linkedin.com/company/upptic?trk=public_jobs_jserp-result_job-search-card-subtitle
Brightside Health,https://www.linkedin.com/company/brightsidehealth?trk=public_jobs_jserp-result_job-search-card-subtitle
Collabera Inc.,https://www.linkedin.com/company/collabera?trk=public_jobs_jserp-result_job-search-card-subtitle
Lady Bird Talent,https://www.linkedin.com/company/ladybirdtalent?trk=public_jobs_jserp-result_job-search-card-subtitle
Biodock,https://www.linkedin.com/company/biodockai?trk=public_jobs_jserp-result_job-search-card-subtitle
"Self Financial, Inc.",https://www.linkedin.com/company/self-financial?trk=public_jobs_jserp-result_job-search-card-subtitle
Allegis Group,https://www.linkedin.com/company/allegis-group?trk=public_jobs_jserp-result_job-search-card-subtitle
Onnit,https://www.linkedin.com/company/onnit-labs?trk=public_jobs_jserp-result_job-search-card-subtitle
FMTC,https://www.linkedin.com/company/fmtc-co?trk=public_jobs_jserp-result_job-search-card-subtitle
Latitude Inc,https://www.linkedin.com/company/latitudeinc?trk=public_jobs_jserp-result_job-search-card-subtitle
Pushnami,https://www.linkedin.com/company/pushnami?trk=public_jobs_jserp-result_job-search-card-subtitle
Large Scale Distribution,https://www.linkedin.com/company/large-scale?trk=public_jobs_jserp-result_job-search-card-subtitle
SHI International Corp.,https://www.linkedin.com/company/shi-international-corp-?trk=public_jobs_jserp-result_job-search-card-subtitle
EBQ,https://www.linkedin.com/company/ebquickstart?trk=public_jobs_jserp-result_job-search-card-subtitle
Zilliant,https://www.linkedin.com/company/zilliant?trk=public_jobs_jserp-result_job-search-card-subtitle
Advantis Global,https://www.linkedin.com/company/advantis-global-services?trk=public_jobs_jserp-result_job-search-card-subtitle
Wise Skulls,https://www.linkedin.com/company/wearewiseskulls?trk=public_jobs_jserp-result_job-search-card-subtitle
Visa,https://www.linkedin.com/company/visa?trk=public_jobs_jserp-result_job-search-card-subtitle
"Tucker-Rose Associates, LLC",https://www.linkedin.com/company/tucker-rose-associates-llc?trk=public_jobs_jserp-result_job-search-card-subtitle
Computer Futures,https://uk.linkedin.com/company/computerfutures?trk=public_jobs_jserp-result_job-search-card-subtitle
Texas Health and Human Services,https://www.linkedin.com/company/texashhsc?trk=public_jobs_jserp-result_job-search-card-subtitle
Core Software Technologies Inc,https://www.linkedin.com/company/core-software-technologies-inc?trk=public_jobs_jserp-result_job-search-card-subtitle
Unizin,https://www.linkedin.com/company/unizin?trk=public_jobs_jserp-result_job-search-card-subtitle
Centraprise,https://www.linkedin.com/company/centraprise?trk=public_jobs_jserp-result_job-search-card-subtitle
Spectraforce Technologies,https://www.linkedin.com/company/spectraforce?trk=public_jobs_jserp-result_job-search-card-subtitle
Numeric Technologies,https://www.linkedin.com/company/numerictech?trk=public_jobs_jserp-result_job-search-card-subtitle
"Intelliswift Software, Inc.",https://www.linkedin.com/company/intelliswift?trk=public_jobs_jserp-result_job-search-card-subtitle
Q2,https://www.linkedin.com/company/q2software?trk=public_jobs_jserp-result_job-search-card-subtitle
TechDigital,https://www.linkedin.com/company/techdigital-corporation?trk=public_jobs_jserp-result_job-search-card-subtitle
Noble Capital Group,https://www.linkedin.com/company/noble-capital?trk=public_jobs_jserp-result_job-search-card-subtitle
Sotheby's Concierge Auctions,https://www.linkedin.com/company/sothebys-concierge-auctions?trk=public_jobs_jserp-result_job-search-card-subtitle
Shopmonkey,https://www.linkedin.com/company/shopmonkey?trk=public_jobs_jserp-result_job-search-card-subtitle
STACE,https://www.linkedin.com/company/getstace?trk=public_jobs_jserp-result_job-search-card-subtitle
Within3,https://www.linkedin.com/company/within3?trk=public_jobs_jserp-result_job-search-card-subtitle
Velir,https://www.linkedin.com/company/velir?trk=public_jobs_jserp-result_job-search-card-subtitle
Alohop,https://www.linkedin.com/company/alohop?trk=public_jobs_jserp-result_job-search-card-subtitle
Midaxo,https://www.linkedin.com/company/midaxo-ltd?trk=public_jobs_jserp-result_job-search-card-subtitle
Jellyfish,https://www.linkedin.com/company/jellyfish-co?trk=public_jobs_jserp-result_job-search-card-subtitle
Corelant,https://www.linkedin.com/company/corelant?trk=public_jobs_jserp-result_job-search-card-subtitle
CoStar Group,https://www.linkedin.com/company/costar-group?trk=public_jobs_jserp-result_job-search-card-subtitle
"Ruian LEDI Toys Co., ltd.",https://www.linkedin.com/company/ruian-ledi-toys-co.-ltd.?trk=public_jobs_jserp-result_job-search-card-subtitle
Steady Vision,https://www.linkedin.com/company/steady-vision?trk=public_jobs_jserp-result_job-search-card-subtitle
WECO,https://www.linkedin.com/company/weco-hospitality?trk=public_jobs_jserp-result_job-search-card-subtitle
Einblick,https://www.linkedin.com/company/einblick-analytics?trk=public_jobs_jserp-result_job-search-card-subtitle
Flexcar,https://www.linkedin.com/company/flexcar_official?trk=public_jobs_jserp-result_job-search-card-subtitle
Kensho Technologies,https://www.linkedin.com/company/kensho-technologies?trk=public_jobs_jserp-result_job-search-card-subtitle
"Roberts Recruiting, LLC",https://www.linkedin.com/company/roberts-recruiting-llc?trk=public_jobs_jserp-result_job-search-card-subtitle
PTC,https://www.linkedin.com/company/ptcinc?trk=public_jobs_jserp-result_job-search-card-subtitle
Acceler8 Talent,https://www.linkedin.com/company/acceler8-talent?trk=public_jobs_jserp-result_job-search-card-subtitle
HourWork,https://www.linkedin.com/company/hourwork?trk=public_jobs_jserp-result_job-search-card-subtitle
Veracode,https://www.linkedin.com/company/veracode?trk=public_jobs_jserp-result_job-search-card-subtitle
Cardiologs,https://fr.linkedin.com/company/cardiologs?trk=public_jobs_jserp-result_job-search-card-subtitle
The Bivium Group,https://www.linkedin.com/company/the-bivium-group?trk=public_jobs_jserp-result_job-search-card-subtitle
Labviva,https://www.linkedin.com/company/labviva?trk=public_jobs_jserp-result_job-search-card-subtitle
AdeptID,https://www.linkedin.com/company/adept-id?trk=public_jobs_jserp-result_job-search-card-subtitle
Neural Magic,https://www.linkedin.com/company/neural-magic?trk=public_jobs_jserp-result_job-search-card-subtitle
"VUI, Inc.",https://www.linkedin.com/company/vui-inc?trk=public_jobs_jserp-result_job-search-card-subtitle
"TileDB, Inc.",https://www.linkedin.com/company/tiledb-inc?trk=public_jobs_jserp-result_job-search-card-subtitle
Pyxai,https://www.linkedin.com/company/getpyxai?trk=public_jobs_jserp-result_job-search-card-subtitle
Vermonster,https://www.linkedin.com/company/vermonster?trk=public_jobs_jserp-result_job-search-card-subtitle
TireTutor,https://www.linkedin.com/company/tiretutor?trk=public_jobs_jserp-result_job-search-card-subtitle
Concertiv,https://www.linkedin.com/company/concertiv?trk=public_jobs_jserp-result_job-search-card-subtitle
Amwell,https://www.linkedin.com/company/amwellcorp?trk=public_jobs_jserp-result_job-search-card-subtitle
Paperless Parts,https://www.linkedin.com/company/paperlessparts?trk=public_jobs_jserp-result_job-search-card-subtitle
Esprezzo,https://www.linkedin.com/company/esprezzo-app?trk=public_jobs_jserp-result_job-search-card-subtitle
Notable,https://www.linkedin.com/company/notablehealth?trk=public_jobs_jserp-result_job-search-card-subtitle
ISEE,https://www.linkedin.com/company/isee-ai?trk=public_jobs_jserp-result_job-search-card-subtitle
cloaked,https://www.linkedin.com/company/cloaked-inc?trk=public_jobs_jserp-result_job-search-card-subtitle
"The TJX Companies, Inc.",https://www.linkedin.com/company/tjx?trk=public_jobs_jserp-result_job-search-card-subtitle
KAYAK,https://www.linkedin.com/company/kayak?trk=public_jobs_jserp-result_job-search-card-subtitle
ZS,https://www.linkedin.com/company/zs-associates?trk=public_jobs_jserp-result_job-search-card-subtitle
BigRio,https://www.linkedin.com/company/bigrio?trk=public_jobs_jserp-result_job-search-card-subtitle
Hometap,https://www.linkedin.com/company/hometap-equity-partners?trk=public_jobs_jserp-result_job-search-card-subtitle
Staples,https://www.linkedin.com/company/staples?trk=public_jobs_jserp-result_job-search-card-subtitle
"Tagup, Inc.",https://www.linkedin.com/company/tagup?trk=public_jobs_jserp-result_job-search-card-subtitle
Formlabs,https://www.linkedin.com/company/formlabs?trk=public_jobs_jserp-result_job-search-card-subtitle
Northeastern University,https://www.linkedin.com/company/northeastern-university?trk=public_jobs_jserp-result_job-search-card-subtitle
Cobalt,https://www.linkedin.com/company/cobalt_io?trk=public_jobs_jserp-result_job-search-card-subtitle
Tulip Interfaces,https://www.linkedin.com/company/tulip-interfaces?trk=public_jobs_jserp-result_job-search-card-subtitle
Stochastic,https://www.linkedin.com/company/stochasticai?trk=public_jobs_jserp-result_job-search-card-subtitle
Bose Corporation,https://www.linkedin.com/company/bose-corporation?trk=public_jobs_jserp-result_job-search-card-subtitle
Gradient AI,https://www.linkedin.com/company/gradientai?trk=public_jobs_jserp-result_job-search-card-subtitle
Scientific Systems,https://www.linkedin.com/company/scientific-systems?trk=public_jobs_jserp-result_job-search-card-subtitle
Vecna Robotics,https://www.linkedin.com/company/vecna-robotics?trk=public_jobs_jserp-result_job-search-card-subtitle
Millennial Tech,https://www.linkedin.com/company/millntech?trk=public_jobs_jserp-result_job-search-card-subtitle
Highwire,https://www.linkedin.com/company/highwireinc?trk=public_jobs_jserp-result_job-search-card-subtitle
EApps Tech LLC,https://www.linkedin.com/company/eapps-technologies?trk=public_jobs_jserp-result_job-search-card-subtitle
Swiss Academic Software GmbH,https://ch.linkedin.com/company/swiss-academic-software-gmbh?trk=public_jobs_jserp-result_job-search-card-subtitle
Harvard University,https://www.linkedin.com/company/harvard-university?trk=public_jobs_jserp-result_job-search-card-subtitle
Recorded Future,https://www.linkedin.com/company/recorded-future?trk=public_jobs_jserp-result_job-search-card-subtitle
"Integrated Computer Solutions, Inc. (ICS)",https://www.linkedin.com/company/integrated-computer-solutions-inc.?trk=public_jobs_jserp-result_job-search-card-subtitle
Boston Children's Hospital,https://www.linkedin.com/company/bostonchildrenshospital?trk=public_jobs_jserp-result_job-search-card-subtitle
MANTA,https://www.linkedin.com/company/getmanta?trk=public_jobs_jserp-result_job-search-card-subtitle
Creative Circle,https://www.linkedin.com/company/creative-circle?trk=public_jobs_jserp-result_job-search-card-subtitle
Square Robot Inc.,https://www.linkedin.com/company/square-robot-company?trk=public_jobs_jserp-result_job-search-card-subtitle
Brains Workgroup,https://www.linkedin.com/company/brains-workgroup?trk=public_jobs_jserp-result_job-search-card-subtitle
Maven Analytics,https://www.linkedin.com/company/maven-analytics?trk=public_jobs_jserp-result_job-search-card-subtitle
oneZero Financial Systems,https://www.linkedin.com/company/onezero-financial-systems?trk=public_jobs_jserp-result_job-search-card-subtitle
Devonshire Recruitment,https://www.linkedin.com/company/devonshire-recruiting-&-consulting-partners?trk=public_jobs_jserp-result_job-search-card-subtitle
Harvard T.H. Chan School of Public Health,https://www.linkedin.com/company/harvardpublichealth?trk=public_jobs_jserp-result_job-search-card-subtitle
Piaggio Fast Forward,https://www.linkedin.com/company/piaggiofastforward?trk=public_jobs_jserp-result_job-search-card-subtitle
"Capital Advisors Group, Inc.",https://www.linkedin.com/company/capital-advisors-group?trk=public_jobs_jserp-result_job-search-card-subtitle
"Wiser Solutions, Inc.",https://www.linkedin.com/company/wiser?trk=public_jobs_jserp-result_job-search-card-subtitle
"Quad Analytix | Now Wiser Solutions, Inc.",https://www.linkedin.com/company/quad-analytix?trk=public_jobs_jserp-result_job-search-card-subtitle
Julia Computing,https://www.linkedin.com/company/juliacomputing?trk=public_jobs_jserp-result_job-search-card-subtitle
"Jaxon, Inc.",https://www.linkedin.com/company/jaxon?trk=public_jobs_jserp-result_job-search-card-subtitle
Claricode,https://www.linkedin.com/company/claricode?trk=public_jobs_jserp-result_job-search-card-subtitle
IntelyCare,https://www.linkedin.com/company/intelycare?trk=public_jobs_jserp-result_job-search-card-subtitle
Breezeline,https://www.linkedin.com/company/breezeline?trk=public_jobs_jserp-result_job-search-card-subtitle
Boston University,https://www.linkedin.com/company/boston-university?trk=public_jobs_jserp-result_job-search-card-subtitle
Hanzo,https://www.linkedin.com/company/hanzoinc?trk=public_jobs_jserp-result_job-search-card-subtitle
Leyton,https://fr.linkedin.com/company/leyton?trk=public_jobs_jserp-result_job-search-card-subtitle
HealthEdge,https://www.linkedin.com/company/healthedge?trk=public_jobs_jserp-result_job-search-card-subtitle
Trefis,https://www.linkedin.com/company/trefis?trk=public_jobs_jserp-result_job-search-card-subtitle
Magnite,https://www.linkedin.com/company/magnite?trk=public_jobs_jserp-result_job-search-card-subtitle
CrunchTime!,https://www.linkedin.com/company/crunchtime-information-systems?trk=public_jobs_jserp-result_job-search-card-subtitle
Limitless Talent Solutions,https://www.linkedin.com/company/limitless-franchise-solutions?trk=public_jobs_jserp-result_job-search-card-subtitle
KLM Careers,https://www.linkedin.com/company/klm-careers?trk=public_jobs_jserp-result_job-search-card-subtitle
Chewy,https://www.linkedin.com/company/chewy-com?trk=public_jobs_jserp-result_job-search-card-subtitle
Happiest Minds Technologies,https://in.linkedin.com/company/happiest-minds-technologies?trk=public_jobs_jserp-result_job-search-card-subtitle
LogRocket,https://www.linkedin.com/company/logrocket?trk=public_jobs_jserp-result_job-search-card-subtitle
dash,https://www.linkedin.com/company/dashanimation?trk=public_jobs_jserp-result_job-search-card-subtitle
Panalgo,https://www.linkedin.com/company/panalgo?trk=public_jobs_jserp-result_job-search-card-subtitle
Centaur Labs,https://www.linkedin.com/company/centaur-labs?trk=public_jobs_jserp-result_job-search-card-subtitle
Xperti,https://www.linkedin.com/company/xperti?trk=public_jobs_jserp-result_job-search-card-subtitle
CallMiner,https://www.linkedin.com/company/callminer?trk=public_jobs_jserp-result_job-search-card-subtitle
HubSpot,https://www.linkedin.com/company/hubspot?trk=public_jobs_jserp-result_job-search-card-subtitle
The Center for Health Information and Analysis,https://www.linkedin.com/company/chia-careers?trk=public_jobs_jserp-result_job-search-card-subtitle
Inmar Intelligence,https://www.linkedin.com/company/inmarintelligence?trk=public_jobs_jserp-result_job-search-card-subtitle
IVY TECH SOLUTIONS INC,https://www.linkedin.com/company/ivy-tech-solutions-inc?trk=public_jobs_jserp-result_job-search-card-subtitle
athenahealth,https://www.linkedin.com/company/athenahealth?trk=public_jobs_jserp-result_job-search-card-subtitle
DRUM Associates,https://www.linkedin.com/company/drumassociates?trk=public_jobs_jserp-result_job-search-card-subtitle
Trident Consulting,https://www.linkedin.com/company/tridentconsulting?trk=public_jobs_jserp-result_job-search-card-subtitle
Diesel Labs,https://www.linkedin.com/company/diesel-labs?trk=public_jobs_jserp-result_job-search-card-subtitle
4G Clinical,https://www.linkedin.com/company/4g-clinical?trk=public_jobs_jserp-result_job-search-card-subtitle
Acquia,https://www.linkedin.com/company/acquia?trk=public_jobs_jserp-result_job-search-card-subtitle
InRule,https://www.linkedin.com/company/inrule-technology?trk=public_jobs_jserp-result_job-search-card-subtitle
1871,https://www.linkedin.com/company/1871-com?trk=public_jobs_jserp-result_job-search-card-subtitle
The Plum Tree Group,https://www.linkedin.com/company/the-plumtree-group?trk=public_jobs_jserp-result_job-search-card-subtitle
The Plumtree Group Global,https://www.linkedin.com/company/the-plumtree-group-global?trk=public_jobs_jserp-result_job-search-card-subtitle
"CPS, Inc.",https://www.linkedin.com/company/cps4jobs?trk=public_jobs_jserp-result_job-search-card-subtitle
Leaf Trade,https://www.linkedin.com/company/leaf-trade?trk=public_jobs_jserp-result_job-search-card-subtitle
AMOpportunities,https://www.linkedin.com/company/amopportunities?trk=public_jobs_jserp-result_job-search-card-subtitle
Chicago Cubs,https://www.linkedin.com/company/chicago-cubs?trk=public_jobs_jserp-result_job-search-card-subtitle
Ameex Technologies,https://www.linkedin.com/company/ameex-technologies?trk=public_jobs_jserp-result_job-search-card-subtitle
PeopleCaddie,https://www.linkedin.com/company/peoplecaddie?trk=public_jobs_jserp-result_job-search-card-subtitle
NetherRealm Studios (WB Games),https://www.linkedin.com/company/netherrealm-studios?trk=public_jobs_jserp-result_job-search-card-subtitle
"Medline Industries, LP",https://www.linkedin.com/company/medline-industries?trk=public_jobs_jserp-result_job-search-card-subtitle
"Georgia IT, Inc.",https://www.linkedin.com/company/georgia-it-inc-?trk=public_jobs_jserp-result_job-search-card-subtitle
iCrossing,https://www.linkedin.com/company/icrossing?trk=public_jobs_jserp-result_job-search-card-subtitle
Apolis,https://www.linkedin.com/company/apolisrises?trk=public_jobs_jserp-result_job-search-card-subtitle
TackleAI,https://www.linkedin.com/company/tackle-ai?trk=public_jobs_jserp-result_job-search-card-subtitle
DonationXchange,https://www.linkedin.com/company/donationxchange?trk=public_jobs_jserp-result_job-search-card-subtitle
LaunchPad Lab,https://www.linkedin.com/company/launchpad-lab?trk=public_jobs_jserp-result_job-search-card-subtitle
Brainrider,https://ca.linkedin.com/company/brainrider?trk=public_jobs_jserp-result_job-search-card-subtitle
Coodesh,https://br.linkedin.com/company/coodesh?trk=public_jobs_jserp-result_job-search-card-subtitle
BallotReady,https://www.linkedin.com/company/ballotready?trk=public_jobs_jserp-result_job-search-card-subtitle
Sierra ITS,https://www.linkedin.com/company/sierra-its?trk=public_jobs_jserp-result_job-search-card-subtitle
Avatria,https://www.linkedin.com/company/avatria?trk=public_jobs_jserp-result_job-search-card-subtitle
Mojo Trek,https://www.linkedin.com/company/mojo-trek?trk=public_jobs_jserp-result_job-search-card-subtitle
FTX,https://bs.linkedin.com/company/ftx?trk=public_jobs_jserp-result_job-search-card-subtitle
Strike,https://www.linkedin.com/company/joinstrike?trk=public_jobs_jserp-result_job-search-card-subtitle
FastModel Sports,https://www.linkedin.com/company/fast-model-technologies?trk=public_jobs_jserp-result_job-search-card-subtitle
"ErisX, a Cboe Global Markets Company",https://www.linkedin.com/company/erisx?trk=public_jobs_jserp-result_job-search-card-subtitle
Mathison,https://www.linkedin.com/company/mathisonio?trk=public_jobs_jserp-result_job-search-card-subtitle
Screencastify,https://www.linkedin.com/company/screencastify?trk=public_jobs_jserp-result_job-search-card-subtitle
PostHog,https://www.linkedin.com/company/posthog?trk=public_jobs_jserp-result_job-search-card-subtitle
Fooda,https://www.linkedin.com/company/fooda?trk=public_jobs_jserp-result_job-search-card-subtitle
Smartz Inc,https://www.linkedin.com/company/smartz-inc?trk=public_jobs_jserp-result_job-search-card-subtitle
Class,https://www.linkedin.com/company/weareclasstech?trk=public_jobs_jserp-result_job-search-card-subtitle
Uptake,https://www.linkedin.com/company/uptake?trk=public_jobs_jserp-result_job-search-card-subtitle
Innovare,https://www.linkedin.com/company/innovaresip?trk=public_jobs_jserp-result_job-search-card-subtitle
"LUDEX, LLC",https://www.linkedin.com/company/ludex-llc?trk=public_jobs_jserp-result_job-search-card-subtitle
Cinter Career,https://www.linkedin.com/company/cinter-career?trk=public_jobs_jserp-result_job-search-card-subtitle
RedShelf,https://www.linkedin.com/company/redshelf?trk=public_jobs_jserp-result_job-search-card-subtitle
Black Spectacles,https://www.linkedin.com/company/black-spectacles?trk=public_jobs_jserp-result_job-search-card-subtitle
Contino,https://uk.linkedin.com/company/contino?trk=public_jobs_jserp-result_job-search-card-subtitle
TransMarket Group,https://www.linkedin.com/company/transmarket-group-l.l.c.?trk=public_jobs_jserp-result_job-search-card-subtitle
DoorDash,https://www.linkedin.com/company/doordash?trk=public_jobs_jserp-result_job-search-card-subtitle
John Deere,https://www.linkedin.com/company/john-deere?trk=public_jobs_jserp-result_job-search-card-subtitle
"Bectran, Inc.",https://www.linkedin.com/company/bectran?trk=public_jobs_jserp-result_job-search-card-subtitle
Crate and Barrel,https://www.linkedin.com/company/crate-&-barrel?trk=public_jobs_jserp-result_job-search-card-subtitle
Akuna Capital,https://www.linkedin.com/company/akuna-capital?trk=public_jobs_jserp-result_job-search-card-subtitle
5thColumn,https://www.linkedin.com/company/5thcolumn-llc?trk=public_jobs_jserp-result_job-search-card-subtitle
Merkle,https://www.linkedin.com/company/merkle?trk=public_jobs_jserp-result_job-search-card-subtitle
Max Tech Talent,https://www.linkedin.com/company/maxtechtalent?trk=public_jobs_jserp-result_job-search-card-subtitle
NextCapital,https://www.linkedin.com/company/nxtcap?trk=public_jobs_jserp-result_job-search-card-subtitle
UncommonX,https://www.linkedin.com/company/uncommonxinc?trk=public_jobs_jserp-result_job-search-card-subtitle
Geneva Trading,https://www.linkedin.com/company/genevatrading?trk=public_jobs_jserp-result_job-search-card-subtitle
NowPow (Now part of Unite Us),https://www.linkedin.com/company/nowpow?trk=public_jobs_jserp-result_job-search-card-subtitle
Infineon Technologies,https://de.linkedin.com/company/infineon-technologies?trk=public_jobs_jserp-result_job-search-card-subtitle
Our Upcoming Revolution's Technology,https://www.linkedin.com/company/justourtech?trk=public_jobs_jserp-result_job-search-card-subtitle
Peterson Technology Partners,https://www.linkedin.com/company/peterson-technology-partners?trk=public_jobs_jserp-result_job-search-card-subtitle
Go2Group LLC,https://www.linkedin.com/company/go2-group?trk=public_jobs_jserp-result_job-search-card-subtitle
FRG Technology Consulting,https://uk.linkedin.com/company/frg-technology-consulting?trk=public_jobs_jserp-result_job-search-card-subtitle
RiverPoint Group,https://www.linkedin.com/company/riverpoint?trk=public_jobs_jserp-result_job-search-card-subtitle
"Roy Talman & Associates, Inc.",https://www.linkedin.com/company/roy-talman-&-associates-inc-?trk=public_jobs_jserp-result_job-search-card-subtitle
Fusion92,https://www.linkedin.com/company/fusion92?trk=public_jobs_jserp-result_job-search-card-subtitle
Northwestern University,https://www.linkedin.com/company/northwestern-university?trk=public_jobs_jserp-result_job-search-card-subtitle
Bear Claw,https://www.linkedin.com/company/bear-claw?trk=public_jobs_jserp-result_job-search-card-subtitle
Newark Electronics,https://www.linkedin.com/company/newark-electronics-avnet?trk=public_jobs_jserp-result_job-search-card-subtitle
"Purohit Navigation, Inc.",https://www.linkedin.com/company/purohit-navigation?trk=public_jobs_jserp-result_job-search-card-subtitle
"Connect Search, LLC",https://www.linkedin.com/company/connect-search-llc?trk=public_jobs_jserp-result_job-search-card-subtitle
Lightricks,https://il.linkedin.com/company/lightricks?trk=public_jobs_jserp-result_job-search-card-subtitle
Fine Tune Expense Management,https://www.linkedin.com/company/finetuneus?trk=public_jobs_jserp-result_job-search-card-subtitle
Waltz Health,https://www.linkedin.com/company/waltz-health?trk=public_jobs_jserp-result_job-search-card-subtitle
"Multiple, Inc.",https://www.linkedin.com/company/multiple-inc-?trk=public_jobs_jserp-result_job-search-card-subtitle
UpShift Creative Group,https://www.linkedin.com/company/upshift-creative-group?trk=public_jobs_jserp-result_job-search-card-subtitle
Quip,https://www.linkedin.com/company/quip-com?trk=public_jobs_jserp-result_job-search-card-subtitle
Foxbox Digital,https://www.linkedin.com/company/foxbox-digital?trk=public_jobs_jserp-result_job-search-card-subtitle
Americaneagle.com,https://www.linkedin.com/company/americaneagle-com?trk=public_jobs_jserp-result_job-search-card-subtitle
Dunn Solutions Group,https://www.linkedin.com/company/dunn-solutions-group?trk=public_jobs_jserp-result_job-search-card-subtitle
GAINS,https://www.linkedin.com/company/gainsystems?trk=public_jobs_jserp-result_job-search-card-subtitle
Enfusion,https://www.linkedin.com/company/enfusion-llc?trk=public_jobs_jserp-result_job-search-card-subtitle
Bitwise Inc,https://www.linkedin.com/company/bitwise-inc?trk=public_jobs_jserp-result_job-search-card-subtitle
Callibrity,https://www.linkedin.com/company/callibrity?trk=public_jobs_jserp-result_job-search-card-subtitle
LaSalle Network,https://www.linkedin.com/company/lasalle-network?trk=public_jobs_jserp-result_job-search-card-subtitle
Forte Group,https://www.linkedin.com/company/fortegroup?trk=public_jobs_jserp-result_job-search-card-subtitle
Epsilon,https://www.linkedin.com/company/epsilon?trk=public_jobs_jserp-result_job-search-card-subtitle
Knoldus Inc,https://ca.linkedin.com/company/knoldus?trk=public_jobs_jserp-result_job-search-card-subtitle
Prairie Consulting Services,https://www.linkedin.com/company/prairie-consulting-services?trk=public_jobs_jserp-result_job-search-card-subtitle
Huxley,https://uk.linkedin.com/company/huxley?trk=public_jobs_jserp-result_job-search-card-subtitle
EITACIES INC,https://www.linkedin.com/company/eitacies-inc?trk=public_jobs_jserp-result_job-search-card-subtitle
Mitchell Martin Inc.,https://www.linkedin.com/company/mitchell-martin?trk=public_jobs_jserp-result_job-search-card-subtitle
DTG Finance & Capital Markets,https://www.linkedin.com/company/dtg-capital-markets?trk=public_jobs_jserp-result_job-search-card-subtitle
TransUnion,https://www.linkedin.com/company/transunion?trk=public_jobs_jserp-result_job-search-card-subtitle
Thoughtful,https://www.linkedin.com/company/thoughtful-ai?trk=public_jobs_jserp-result_job-search-card-subtitle
JK Tech,https://in.linkedin.com/company/jk-tech?trk=public_jobs_jserp-result_job-search-card-subtitle
"CityBase, Inc",https://www.linkedin.com/company/citybase-inc?trk=public_jobs_jserp-result_job-search-card-subtitle
EveryDose,https://www.linkedin.com/company/everydose?trk=public_jobs_jserp-result_job-search-card-subtitle
WeWork,https://www.linkedin.com/company/wework?trk=public_jobs_jserp-result_job-search-card-subtitle
Airblox,https://www.linkedin.com/company/airblox?trk=public_jobs_jserp-result_job-search-card-subtitle
Promet Source,https://www.linkedin.com/company/promet-source?trk=public_jobs_jserp-result_job-search-card-subtitle
AccuLynx,https://www.linkedin.com/company/acculynx?trk=public_jobs_jserp-result_job-search-card-subtitle
Jackbox Games,https://www.linkedin.com/company/jackbox-games?trk=public_jobs_jserp-result_job-search-card-subtitle
WPP,https://uk.linkedin.com/company/wpp?trk=public_jobs_jserp-result_job-search-card-subtitle
Northern Trust Corporation,https://www.linkedin.com/company/northern-trust?trk=public_jobs_jserp-result_job-search-card-subtitle
CardX,https://www.linkedin.com/company/cardx?trk=public_jobs_jserp-result_job-search-card-subtitle
HireGenics,https://www.linkedin.com/company/hiregenics-inc.?trk=public_jobs_jserp-result_job-search-card-subtitle
Infinity Consulting Solutions,https://www.linkedin.com/company/infinity-consulting-solutions?trk=public_jobs_jserp-result_job-search-card-subtitle
CacheFly,https://www.linkedin.com/company/cachefly?trk=public_jobs_jserp-result_job-search-card-subtitle
"Javen Technologies, Inc.",https://www.linkedin.com/company/javen-technologies-inc-?trk=public_jobs_jserp-result_job-search-card-subtitle
Marin Software,https://www.linkedin.com/company/marinsoftware?trk=public_jobs_jserp-result_job-search-card-subtitle
Crescens Inc.,https://www.linkedin.com/company/crescens-inc-?trk=public_jobs_jserp-result_job-search-card-subtitle
AutoAccessoriesGarage.com,https://www.linkedin.com/company/autoaccessoriesgarage.com?trk=public_jobs_jserp-result_job-search-card-subtitle
PatientIQ,https://www.linkedin.com/company/patientiq?trk=public_jobs_jserp-result_job-search-card-subtitle
LinQuest,https://www.linkedin.com/company/linquest?trk=public_jobs_jserp-result_job-search-card-subtitle
Boecore,https://www.linkedin.com/company/boecore?trk=public_jobs_jserp-result_job-search-card-subtitle
La Jolla Logic - CMMC Authorized C3PAO,https://www.linkedin.com/company/la-jolla-logic?trk=public_jobs_jserp-result_job-search-card-subtitle
Axient,https://www.linkedin.com/company/axientcorp?trk=public_jobs_jserp-result_job-search-card-subtitle
CACI International Inc,https://www.linkedin.com/company/caci-international-inc?trk=public_jobs_jserp-result_job-search-card-subtitle
"Integrity Communications Solutions, Inc.",https://www.linkedin.com/company/integrity-communications-solutions?trk=public_jobs_jserp-result_job-search-card-subtitle
Synaptech,https://www.linkedin.com/company/synaptechllc?trk=public_jobs_jserp-result_job-search-card-subtitle
Zivaro,https://www.linkedin.com/company/zivarobrilliance?trk=public_jobs_jserp-result_job-search-card-subtitle
Prodigy Resources,https://www.linkedin.com/company/prodigy-resources?trk=public_jobs_jserp-result_job-search-card-subtitle
"SRAM, LLC",https://www.linkedin.com/company/sram-llc?trk=public_jobs_jserp-result_job-search-card-subtitle
Booz Allen Hamilton,https://www.linkedin.com/company/booz-allen-hamilton?trk=public_jobs_jserp-result_job-search-card-subtitle
LINQ,https://www.linkedin.com/company/linq-inc?trk=public_jobs_jserp-result_job-search-card-subtitle
"PeopleTec, Inc.",https://www.linkedin.com/company/peopletec?trk=public_jobs_jserp-result_job-search-card-subtitle
COLSA,https://www.linkedin.com/company/colsa?trk=public_jobs_jserp-result_job-search-card-subtitle
"Caliola Engineering, LLC",https://www.linkedin.com/company/caliola?trk=public_jobs_jserp-result_job-search-card-subtitle
Sanmina,https://www.linkedin.com/company/sanmina?trk=public_jobs_jserp-result_job-search-card-subtitle
ISSAC LLC,https://www.linkedin.com/company/issac-corp?trk=public_jobs_jserp-result_job-search-card-subtitle
ManTech,https://www.linkedin.com/company/mantech?trk=public_jobs_jserp-result_job-search-card-subtitle
Raft,https://www.linkedin.com/company/raft-tech?trk=public_jobs_jserp-result_job-search-card-subtitle
"Blue Rose Consulting Group, Inc.",https://www.linkedin.com/company/blue-rose-consulting-group-inc?trk=public_jobs_jserp-result_job-search-card-subtitle
Clarus Group,https://www.linkedin.com/company/clarus-group?trk=public_jobs_jserp-result_job-search-card-subtitle
AgriSompo North America,https://www.linkedin.com/company/agrisompo-north-america?trk=public_jobs_jserp-result_job-search-card-subtitle
FedEx Services,https://www.linkedin.com/company/fedex-services?trk=public_jobs_jserp-result_job-search-card-subtitle
Rad Hires,https://www.linkedin.com/company/rad-hires?trk=public_jobs_jserp-result_job-search-card-subtitle
Dark Wolf Solutions,https://www.linkedin.com/company/darkwolfsolutions?trk=public_jobs_jserp-result_job-search-card-subtitle
Parsons Corporation,https://www.linkedin.com/company/parsons?trk=public_jobs_jserp-result_job-search-card-subtitle
Redwire Space,https://www.linkedin.com/company/redwirespace?trk=public_jobs_jserp-result_job-search-card-subtitle
L3Harris Technologies,https://www.linkedin.com/company/l3harris-technologies?trk=public_jobs_jserp-result_job-search-card-subtitle
Falcon IT & Staffing Solutions,https://www.linkedin.com/company/falconitss?trk=public_jobs_jserp-result_job-search-card-subtitle
Pushpay,https://www.linkedin.com/company/pushpay-ltd?trk=public_jobs_jserp-result_job-search-card-subtitle
Uber,https://www.linkedin.com/company/uber-com?trk=public_jobs_jserp-result_job-search-card-subtitle
ECS,https://www.linkedin.com/company/ecstechhq?trk=public_jobs_jserp-result_job-search-card-subtitle
Keysight Technologies,https://www.linkedin.com/company/keysight-technologies?trk=public_jobs_jserp-result_job-search-card-subtitle
Blackstone Talent Group,https://www.linkedin.com/company/blackstonetalentgroup?trk=public_jobs_jserp-result_job-search-card-subtitle
The Aerospace Corporation,https://www.linkedin.com/company/the-aerospace-corporation?trk=public_jobs_jserp-result_job-search-card-subtitle
University of Colorado Colorado Springs,https://www.linkedin.com/company/university-of-colorado-colorado-springs?trk=public_jobs_jserp-result_job-search-card-subtitle
University of Colorado,https://www.linkedin.com/company/university-of-colorado?trk=public_jobs_jserp-result_job-search-card-subtitle
ClikFocus - a Division of DSoft Technology,https://www.linkedin.com/company/clikfocus-dsoft?trk=public_jobs_jserp-result_job-search-card-subtitle
ClearanceJobs,https://www.linkedin.com/company/clearancejobs.com?trk=public_jobs_jserp-result_job-search-card-subtitle
Piper Companies,https://www.linkedin.com/company/pipercompanies?trk=public_jobs_jserp-result_job-search-card-subtitle
Aegis Aerospace Inc.,https://www.linkedin.com/company/aegisaero?trk=public_jobs_jserp-result_job-search-card-subtitle
Cosmic Advanced Engineered Solutions,https://www.linkedin.com/company/cosmic-advanced-engineered-solutions?trk=public_jobs_jserp-result_job-search-card-subtitle
"DSoft Technology, Engineering & Analysis, Inc.",https://www.linkedin.com/company/dsoft-technology?trk=public_jobs_jserp-result_job-search-card-subtitle
Frequent Flyer Services,https://www.linkedin.com/company/frequent-flyer-services?trk=public_jobs_jserp-result_job-search-card-subtitle
